{
  "short_blink_max": 0.33497526562314306,
  "long_blink_min": 0.6957178593711433,
  "symbol_gap": 0.7730198437457148,
  "letter_gap": 1.9325496093642869,
  "word_gap": 3.8650992187285738
}